<application>
  <component name="AndroidLogcatFilterHistory">
    <option name="mostRecentlyUsed" value="package:mine level:debug tag~:MarvelViewModel" />
    <option name="nonFavorites">
      <list>
        <option value="package:mine " />
        <option value="package:mine level:debug tag~:MarvelViewModel" />
        <option value="package:mine level:debug tag~:View" />
        <option value="package:com.tps.challenge  package:mine " />
        <option value="package:com.tps.challenge  " />
        <option value="package:com.tps.challenge   level:error " />
        <option value="package:com.tps.challenge   " />
        <option value="package:com.tps.challenge level:error  " />
        <option value="package:mine level:error " />
        <option value="package:com.tps.challenge level:debug " />
        <option value="package:com.tps.challenge level:debug dd" />
        <option value="package:mine level:debug " />
        <option value="package:mine level:debug tag~:ComposeMviListActivity" />
        <option value="package:mine level:debug ListAction" />
        <option value="package:mine level:debug action" />
        <option value="package:mine   " />
        <option value="package:mine level:debug  " />
        <option value="package:mine level:debug" />
        <option value="package:mine level:debug tag~:MarvelRemoteMediator" />
        <option value="package:mine notifyInnerDataSetChange" />
      </list>
    </option>
  </component>
</application>