<application>
  <component name="ConsoleFoldingSettings">
    <option name="addedPositive">
      <list>
        <option value="2022-09-22 10:57:49.906   984-1084  ASH                     pid-984                              D  @ 85368.819: tcs3701: power vote set to 0" />
        <option value="2022-09-22 10:58:07.465   604-604   SELinux                 pid-604                              E  avc:  denied  { find } for pid=3759 uid=10246 name=tethering scontext=u:r:secure_ui_service_app:s0:c246,c256,c512,c768 tcontext=u:object_r:tethering_service:s0 tclass=service_manager permissive=0" />
        <option value="2022-09-22 10:58:09.907   984-1084  ASH                     pid-984                              D  @ 85388.818: tcs3701: update_rail_vote: 0-&gt;2" />
        <option value="2022-09-22 10:58:38.906   984-1084  ASH                     pid-984                              D  @ 85417.819: tcs3701: TCS3701_POWER_RAIL_PENDING_OFF" />
      </list>
    </option>
    <option name="removedPositive">
      <list>
        <option value="java.lang.reflect.Constructor.newInstance(" />
        <option value="at sun.reflect." />
        <option value="at sun.rmi." />
        <option value="at org.testng.TestNG.run" />
        <option value="at org.testng.TestRunner." />
        <option value="java.lang.Thread.run(" />
        <option value="java.lang.reflect.Method.invoke(" />
      </list>
    </option>
    <option name="removedNegative">
      <list>
        <option value="at org.codehaus.groovy.runtime.DefaultGroovyMethods." />
        <option value="at org.codehaus.groovy.vmplugin.v5.PluginDefaultGroovyMethods." />
        <option value="at org.codehaus.groovy.runtime.DefaultGroovyMethodsSupport." />
      </list>
    </option>
  </component>
</application>