<application>
  <component name="FileTypeManager" version="18">
    <extensionMap>
      <mapping pattern="CHANGELOG" type="AUTO_DETECTED" />
      <mapping pattern="k" type="AUTO_DETECTED" />
      <mapping pattern="FloodLightSettingTest.kt" type="AUTO_DETECTED" />
      <mapping ext="gradle.kts" type="Kotlin" />
      <mapping ext="main.kts" type="Kotlin" />
      <mapping ext="so" type="PLAIN_TEXT" />
      <mapping ext="keystore" type="PLAIN_TEXT" />
      <removed_mapping ext="apk" approved="true" type="ARCHIVE" />
      <removed_mapping ext="ignore" approved="true" type="IgnoreLang file" />
      <removed_mapping ext="pro" approved="true" type="DeviceSpecFile" />
      <removed_mapping ext="psd" approved="true" type="Image" />
    </extensionMap>
  </component>
</application>