<application>
  <component name="ProjectManager">
    <defaultProject>
      <component name="AutoImportSettings">
        <option name="autoReloadType" value="SELECTIVE" />
      </component>
      <component name="ProjectViewState">
        <option name="hideEmptyMiddlePackages" value="true" />
        <option name="showLibraryContents" value="true" />
        <option name="showMembers" value="true" />
      </component>
      <component name="PropertiesComponent"><![CDATA[{
  "keyToString": {
    "project.structure.last.edited": "SDK Location",
    "project.structure.proportion": "0.17",
    "project.structure.side.proportion": "0.0"
  }
}]]></component>
      <component name="WindowStateProjectService">
        <state x="805" y="468" key="#PSD" timestamp="1694242412506">
          <screen x="0" y="25" width="2560" height="1415" />
        </state>
        <state x="805" y="468" key="#PSD/328.1478.1512.884/0.25.2560.1415/-1440.25.1440.2535" timestamp="1694242412506" />
      </component>
    </defaultProject>
  </component>
</application>