<application>
  <component name="StringManipulationState">
    <option name="columnAlignerHistory">
      <list>
        <ColumnAlignerModel>
          <option name="added" value="1646725772577" />
          <option name="columnSortOrder" value="" />
          <option name="maxSeparatorsPerLine" value="" />
          <option name="separators">
            <list>
              <option value=":" />
            </list>
          </option>
        </ColumnAlignerModel>
      </list>
    </option>
    <option name="grepHistory">
      <list>
        <GrepSettings>
          <option name="pattern" value="wpk" />
        </GrepSettings>
        <GrepSettings>
          <option name="pattern" value="name" />
        </GrepSettings>
        <GrepSettings>
          <option name="pattern" value="seri" />
        </GrepSettings>
        <GrepSettings>
          <option name="pattern" value="start_time" />
          <option name="regex" value="true" />
        </GrepSettings>
        <GrepSettings>
          <option name="inverted" value="true" />
          <option name="pattern" value="#" />
          <option name="regex" value="true" />
        </GrepSettings>
      </list>
    </option>
    <option name="lastActionModel">
      <UniversalActionModel>
        <option name="actionClassName" value="osmedile.intellij.stringmanip.styles.ToCamelCaseAction" />
        <option name="description" value="To camelCase" />
        <option name="textWithMnemonic" value="To camelCase" />
      </UniversalActionModel>
    </option>
    <option name="sortSettingsMap">
      <map>
        <entry key="SortAction">
          <value>
            <SortSettings>
              <option name="sortByGroups" value="true" />
              <option name="sortType" value="CASE_SENSITIVE_A_Z" />
            </SortSettings>
          </value>
        </entry>
      </map>
    </option>
    <option name="sortTokensModel">
      <SortTokensModel>
        <option name="separators">
          <list>
            <option value="," />
          </list>
        </option>
      </SortTokensModel>
    </option>
  </component>
</application>