<application>
  <component name="UpdatesConfigurable">
    <ignoredBuildNumbers>
      <item value="emulator#31.1.4" />
      <item value="platform-tools#31.0.3" />
      <item value="system-images;android-30;google_apis;x86#10" />
      <item value="222.4459.24.2221.10121639" />
    </ignoredBuildNumbers>
    <option name="LAST_BUILD_CHECKED" value="AI-223.8836.35.2231.10406996" />
    <option name="LAST_TIME_CHECKED" value="1700088796360" />
    <option name="THIRD_PARTY_PLUGINS_ALLOWED" value="true" />
    <option name="UPDATE_CHANNEL_TYPE" value="release" />
  </component>
</application>